t_s,x_m,y_m,vx_mps,vy_mps,altitude_m,speed_mps,specific_energy_J_per_kg
0.0,6771000.0,0.0,0.0,7672.612462980849,400000.0,7672.612462980849,-29434491.003544528
60.0,6771000.0,460356.74777885096,-521.656907462021,7672.612462980849,415631.6634414103,7690.325606643186,-29162834.984955665
120.0,6739700.585552279,920713.4955577019,-1039.7175105719489,7637.389793596705,431299.4144477211,7707.835971342738,-28892740.530227326
180.0,6677317.534917962,1378956.8831735041,-1551.8283409562418,7567.430105214281,447217.62250036094,7724.905798590584,-28624216.85521432
240.0,6584207.834460587,1833002.689486361,-2055.6537228766465,7463.383311770123,463595.208718393,7741.304973115669,-28357310.812893126
300.0,6460868.611087988,2280805.6881925687,-2548.8908140081194,7326.069159888937,480634.6806461895,7756.812084691157,-28092105.069523036
360.0,6307935.162247501,2720369.8377859048,-3029.2862828602683,7156.4807060919475,498531.1386916153,7771.215572881226,-27828716.001589708
420.0,6126177.985275885,3149758.6801514216,-3494.6542877736383,6955.785383220894,517471.2709329147,7784.314927370559,-27567291.26483805
480.0,5916498.728009467,3567105.803144675,-3942.8953574890734,6725.323388233171,537632.3544798689,7795.921913181595,-27308007.003176015
540.0,5679925.006560123,3970625.2064386653,-4372.0157160358185,6466.60319042885,559181.2826327356,7805.86178738317,-27051064.6836738
600.0,5417604.063597973,4358621.397864397,-4780.146549421699,6181.294040625792,582273.6376353446,7813.974472099592,-26796687.56377903
660.0,5130795.270632671,4729499.040301944,-5165.5626823792945,5871.215455245474,607052.8287885292,7820.115647962177,-26545116.81745755
720.0,4820861.509689913,5081771.967616673,-5526.700123637132,5538.323750986257,633649.3150238674,7824.157732775406,-26296607.36728342
780.0,4489259.502271685,5414071.392675848,-5862.17195026988,5184.695811025561,662179.9297137,7825.990712197208,-26051423.488442246
840.0,4137529.185255492,5725153.141337382,-6170.782036770816,4812.510367085319,692747.3235249761,7825.522792672516,-25809834.267035462
900.0,3767282.263049243,6013903.763362501,-6451.536192215614,4424.027177476336,725439.5385623537,7822.6808516337405,-25572109.007902622
960.0,3380190.091516306,6279345.394011081,-6703.650347294825,4021.5645638041087,760329.7239766717,7817.410665919436,-25338512.695508692
1020.0,2977971.070678617,6520639.267839327,-6926.55552860876,3607.4758333809687,797475.9997566389,7809.676906206062,-25109301.61464099
1080.0,2562377.7389620915,6737087.8178421855,-7119.899465665776,3184.1251566111846,836921.4717174927,7799.4628926710075,-24884719.235437617
1140.0,2135183.7710221447,6928135.327238857,-7283.544790778101,2753.8634861723676,878694.3969088383,7786.770114735906,-24664992.459725846
1200.0,1698171.0835754587,7093367.136409199,-7417.563907289836,2319.005096823613,922808.49494843,7771.617525188868,-24450328.313269485
1260.0,1253117.2491380686,7232507.442218616,-7522.230711093394,1881.8052919547392,969263.3973063268,7754.040625876646,-24240911.15214177
1320.0,801783.406472465,7345415.7597359,-7598.009448499374,1444.4397679962617,1018045.223455539,7734.090368159326,-24036900.432152964
1380.0,345902.8395625026,7432082.145815676,-7645.541075476682,1008.9860543542195,1069127.27018628,7711.831896163351,-23838429.06933677
1440.0,-112829.62496609834,7492621.309076929,-7665.627545611783,577.4073594456836,1122470.7983352859,7687.34316436987,-23645602.39825034
1500.0,-572767.2777028054,7527265.750643671,-7659.214494858966,151.53905809143794,1178025.8997582132,7660.713463143294,-23458497.71452268
1560.0,-1032320.1473943433,7536358.094129157,-7627.372809796183,-266.92204250975675,1235732.4265851723,7632.0418864413805,-23277164.369780015
1620.0,-1489962.5159821142,7520342.771578572,-7571.279563612753,-676.4256165390875,1295520.964627034,7601.435775239464,-23101624.371636897
1680.0,-1944239.2897988795,7479757.234586227,-7492.198782592879,-1075.5729598677801,1357313.8331943182,7569.009168304988,-22931873.429434247
1740.0,-2393771.2167544523,7415222.8569941595,-7391.462468492198,-1463.1194816017698,1421026.0944795813,7534.8812890828885,-22767882.378107157
1800.0,-2837258.9648639844,7327435.688098053,-7270.4522525805305,-1837.9747362215528,1486566.556950952,7499.175093838121,-22609598.907972712
1860.0,-3273486.100018816,7217157.20392476,-7130.581999129945,-2199.2002357368115,1553838.758812665,7462.015902099167,-22456949.527104888
1920.0,-3701321.0199666126,7085205.189780552,-6973.281613584994,-2546.0053163233333,1622741.919410455,7423.530126099659,-22309841.68488785
1980.0,-4119717.9167817123,6932444.870801152,-6799.982247067164,-2877.7413544605724,1693171.8484013872,7383.844111545231,-22168165.989770137
2040.0,-4527716.851605742,6759780.389533517,-6612.103027246078,-3193.894634876499,1765021.804483842,7343.083097828162,-22031798.46057717
2100.0,-4924443.033240507,6568146.711440927,-6411.039388356087,-3494.0781683796586,1838183.297420227,7301.3703019228205,-21900602.758368753
2160.0,-5309105.396541873,6358502.021338148,-6198.153021999507,-3778.0227439706696,1912546.8289224608,7258.826126728844,-21774432.35417994
2220.0,-5680994.577861844,6131820.656699908,-5974.763426473257,-4045.567478649468,1988002.5696626846,7215.567491655016,-21653132.596550718
2280.0,-6039480.383450239,5889086.60798094,-5742.140996223935,-4296.650102205039,2064440.9711870253,7171.707280787064,-21536542.651117437
2340.0,-6384008.843223675,5631287.601848638,-5501.5015647274795,-4531.297184967535,2141753.3128296547,7127.353902058857,-21424497.292381972
2400.0,-6714098.937107324,5359409.770750586,-5254.002293265028,-4749.614485754558,2219832.1848399844,7082.610949425622,-21316828.534866154
2460.0,-7029339.074703225,5074432.901605313,-5000.73878410328,-4951.777566503089,2298571.9098490737,7037.576959078884,-21213367.0970585
2520.0,-7329383.401749422,4777326.247615128,-4742.743288676782,-5138.022790491442,2377868.905521009,6992.345250193108,-21113943.69679975
2580.0,-7613947.999070029,4469044.880185641,-4480.983878602562,-5308.638793470539,2457621.991775159,6947.003840493857,-21018390.181030527
2640.0,-7882807.031786183,4150526.552577409,-4216.364448798062,-5463.958492017192,2537732.646343576,6901.63542702561,-20926540.496177126
2700.0,-8135788.8987140665,3822689.043056377,-3949.7254267119642,-5604.351671332512,2618105.212663958,6856.317422813979,-20838231.507956564
2760.0,-8372772.424316784,3486427.9427764267,-3681.8450688714047,-5730.218175677159,2698647.064223163,6811.122040606345,-20753303.681131545
2820.0,-8593683.12844907,3142614.8522357973,-3413.441234846971,-5841.981708646642,2779268.729479108,6766.1164154864755,-20671601.630846944
2880.0,-8798489.602539888,2792095.9497169987,-3145.1735386927658,-5940.0842374120275,2859883.981419578,6721.362758849131,-20592974.557737026
2940.0,-8987200.014861453,2435690.895472277,-2877.6457883954977,-6024.980984670361,2940409.8956824075,6676.918536953239,-20517276.57911107
3000.0,-9159858.762165183,2074192.0363920552,-2611.4086344331154,-6097.135984099582,3020766.880978601,6632.836668017222,-20444366.968300354
3060.0,-9316543.28023117,1708363.8773460803,-2346.962358867104,-6157.018169302938,3100878.685342286,6589.1657325541255,-20374110.313766006
3120.0,-9457361.021763196,1338942.7871879041,-2084.7597462280155,-6205.097962258858,3180672.381490495,6545.950192349598,-20306376.60890101
3180.0,-9582446.606536876,966636.9094523727,-1825.2089866312838,-6241.844324872221,3260078.3343219534,6503.230614150105,-20241041.28267045
3240.0,-9691959.145734753,592126.2499600395,-1568.6765699729576,-6267.722236077465,3339030.153325131,6461.043894743481,-20177985.1803764
3300.0,-9786079.739933131,216062.9157953916,-1315.4901376466717,-6283.190556822513,3417464.632408481,6419.423484674403,-20117094.5029453
3360.0,-9865009.14819193,-160928.51761395915,-1065.941264977781,-6288.700245941668,3495321.679414872,6378.399608341361,-20058260.71225012
3420.0,-9928965.624090597,-538250.5323704593,-820.2881535021064,-6284.692891211107,3572544.2373416256,6337.999478669537,-20001380.409119636
3480.0,-9978182.913300723,-915332.1058431257,-578.7582173608603,-6271.59952160612,3649078.1990598105,6298.247504947137,-19946355.1898692
3540.0,-10012908.406342374,-1291628.077139493,-341.55055249055886,-6249.839668805823,3724872.317113407,6259.165492754244,-19893091.486423764
3600.0,-10033401.439491808,-1666618.4572678425,-108.8382810167704,-6219.82064820437,3799878.109981563,6220.77283520658,-19841500.394399725
3660.0,-10039931.736352814,-2039807.6961601046,119.2292336222039,-6181.93703199577,3874049.7660059426,6183.086694985831,-19791497.492872592
3720.0,-10032777.982335482,-2410723.9180798507,342.5243027253624,-6136.570289229779,3947344.046020072,6146.122176837615,-19743002.65898097
3780.0,-10012226.52417196,-2778918.1354336375,560.9389593684956,-6084.088570033374,4019720.1855682023,6109.892490391967,-19695939.88000435
3840.0,-9978570.18660985,-3143963.44963564,774.3831345815593,-6024.846613414607,4091139.7974670436,6074.409103303615,-19650237.065098304
3900.0,-9932107.198534956,-3505454.2464405163,982.7829595078795,-5959.185760183548,4161566.775343878,6039.681884824186,-19605825.858473532
3960.0,-9873140.220964484,-3863005.392051529,1186.0791893945322,-5887.434054518648,4230967.198678074,6005.719240009533,-19562641.455459688
4020.0,-9801975.469600812,-4216251.435322648,1384.2257445305909,-5809.906419563996,4299309.239779152,5972.528234835914,-19520622.42259616
4080.0,-9718921.924928976,-4564845.820496487,1577.188362736466,-5726.904894157477,4366563.073051976,5940.114712551956,-19479710.522636935
4140.0,-9624290.623164788,-4908460.114145936,1764.9433576755484,-5638.718919360558,4432700.786827596,5908.483401631737,-19439850.54513859
4200.0,-9518394.021704255,-5246783.24930757,1947.476477075834,-5545.625664889371,4497696.297975659,5877.6380157205485,-19400990.143117167
4260.0,-9401545.433079705,-5579520.789200933,2124.7818548856517,-5447.890386838953,4561525.269460265,5847.581345980882,-19363079.676105242
4320.0,-9274058.521786565,-5906394.21241127,2296.8610514195734,-5345.76680925438,4624165.030954622,5818.315346253929,-19326072.059812803
4380.0,-9136246.858701391,-6227140.220966533,2463.7221756572785,-5239.497523142072,4685594.502590304,5789.84121145281,-19289922.6224898
4440.0,-8988423.528161954,-6541510.072355057,2625.3790840220295,-5129.314397440243,4745794.121883253,5762.1594495994395,-19254588.96800233
4500.0,-8830900.783120632,-6849268.936201472,2781.850650171879,-5015.438997288096,4804745.773850398,5735.269947908288,-19220030.845565
4560.0,-8663989.74411032,-7150195.2760387575,2933.1601005735974,-4898.08300565799,4862432.724307194,5709.172033308553,-19186210.026016824
4620.0,-8488000.138075903,-7444080.256378237,3079.334410886647,-4777.448645051885,4918839.556316858,5683.864527782019,-19153090.18448498
4680.0,-8303240.073422704,-7730727.17508135,3220.4037584542293,-4653.729096521571,4973952.109746164,5659.345798877958,-19120636.789247975
4740.0,-8110015.84791545,-8009950.9208726445,3356.401026474001,-4527.108913759122,5027757.423869861,5635.613805749381,-19088816.996585175
4800.0,-7908631.78632701,-8281577.455698192,3487.3613556973337,-4397.764430427459,5080243.682955598,5612.6661410370825,-19057599.551382534
4860.0,-7699390.10498517,-8545443.32152384,3613.3217397789517,-4265.864159267423,5131400.164753439,5590.500068909896,-19026954.693253037
4920.0,-7482590.800598433,-8801395.171079885,3734.320660665361,-4131.5691818339665,5181217.1918081865,5569.11255955133,-18996854.06792351
4980.0,-7258531.560958511,-9049289.321989924,3850.397760668377,-3995.033527985597,5229686.08550855,5548.500320364873,-18967270.643637054
5040.0,-7027507.695318408,-9288991.333669059,3961.593548117603,-3856.4045444833664,5276799.122784456,5528.659824152593,-18938178.63232086
5100.0,-6789812.082431352,-9520375.606338061,4067.9491337218224,-3715.823252253258,5322549.4953622855,5509.587334504655,-18909553.415271796
5160.0,-6545735.134408043,-9743325.001473257,4169.50599499318,-3573.424692033036,5366931.271487227,5491.278928620861,-18881371.473117523
5220.0,-6295564.774708452,-9957730.48299524,4266.305766299437,-3429.3382582652816,5409939.360022293,5473.730517769557,-18853610.31981731
5280.0,-6039586.428730486,-10163490.778491156,4358.39005230836,-3283.6880212159176,5451569.476834562,5456.937865574188,-18826248.440473873
5340.0,-5778083.025591984,-10360512.059764111,4445.800262774565,-3136.5930373949823,5491818.113380641,5440.896604303474,-18799265.232736655
5400.0,-5511335.009825511,-10548707.642007811,4528.577466793157,-2988.167648436451,5530682.507405512,5425.602249327623,-18772640.9515854
5460.0,-5239620.3618179215,-10727997.700913997,4606.762264806682,-2838.521768658911,5568160.615671145,5411.05021189023,-18746356.657292366
5520.0,-4963214.62592952,-10898309.007033532,4680.394676802698,-2687.7611615808933,5604251.088633964,5397.235810333444,-18720394.166371178
