method,dt_s,samples,energy_drift_percent,final_altitude_km
euler,1,5545,1.3844583867587068,495.84392069217563
euler,5,1109,6.240511620359511,870.3429454931728
euler,10,555,11.159350391935694,1326.5354184829741
euler,30,185,24.193683724081687,3099.243229857277
euler,60,93,36.399803332366595,5604.251088633964
rk4,1,5545,2.784365680259015e-13,400.00000000010056
rk4,5,1109,1.0171794078291683e-10,399.9999999931259
rk4,10,555,3.2580115948863485e-09,399.9999997792402
rk4,30,185,7.890191563637156e-07,399.9999463391593
rk4,60,93,2.5266474051354966e-05,399.9982825245839
